channel,iou,dice,delta_iou,delta_dice
0,0.26894378662109375,0.4231889843940735,0.0,0.0
1,0.26894378662109375,0.4231889843940735,0.0,0.0
