channel,iou,dice,delta_iou,delta_dice
0,0.2544263203938802,0.4022553563117981,0.0,0.0
1,0.2544263203938802,0.4022553563117981,0.0,0.0
